{
  "name": "eyewig",
  "creatureType": "insect",
  "groups": [
    "monster"
  ],
  "entityClass": "com.lycanitesmobs.core.entity.creature.EntityEyewig",
  "modelClass": "com.lycanitesmobs.client.model.creature.ModelEyewig",
  "loadDefault": true,
  "enabled": true,
  "spawning": {
    "enabled": true,
    "spawners": [
      "monster",
      "beast"
    ],
    "disableSubspecies": false,
    "dimensionIds": [
      -1,
      1
    ],
    "dimensionListType": "blacklist",
    "ignoreBiome": false,
    "biomeTags": [
      "swamp",
      "spooky",
      "jungle"
    ],
    "spawnWeight": 8,
    "dungeonWeight": 200,
    "spawnAreaLimit": 5,
    "spawnGroupMin": 1,
    "spawnGroupMax": 3,
    "spawnsInLight": false,
    "spawnsInDark": true,
    "worldDayMin": -1,
    "despawnNatural": true,
    "despawnForced": false
  },
  "width": 0.8,
  "height": 1.2,
  "experience": 10,
  "health": 15,
  "defense": 1,
  "armor": 0,
  "speed": 32,
  "damage": 1,
  "attackSpeed": 1,
  "rangedSpeed": 2,
  "effectDuration": 5,
  "effectAmplifier": 0,
  "pierce": 1,
  "sight": 24,
  "knockbackResistance": 0,
  "bagSize": 10,
  "tamingReputation": 500,
  "eggBackColor": "#000000",
  "eggForeColor": "#009900",
  "subspecies": [
    {
      "index": 0,
      "variants": [
        {
          "index": 1,
          "name": "azure",
          "type": "uncommon"
        },
        {
          "index": 2,
          "name": "violet",
          "type": "uncommon"
        }
      ]
    }
  ],
  "elements": [
    "arbour",
    "shadow"
  ],
  "diets": [
    "carnivore",
    "insectivore",
    "frugivore",
    "fungivore"
  ],
  "peaceful": false,
  "summonable": false,
  "tameable": true,
  "mountable": true,
  "summonCost": 4,
  "dungeonLevel": 1,
  "drops": [
    {
      "item": "minecraft:string",
      "minAmount": 1,
      "maxAmount": 3,
      "chance": 1
    },
    {
      "item": "minecraft:spider_eye",
      "minAmount": 1,
      "maxAmount": 2,
      "chance": 0.5
    },
    {
      "item": "minecraft:fermented_spider_eye",
      "minAmount": 1,
      "maxAmount": 1,
      "chance": 0.25
    },
    {
      "item": "lycanitesmobs:poisongland",
      "minAmount": 1,
      "maxAmount": 2,
      "chance": 1
    },
    {
      "item": "lycanitesmobs:poisonraycharge",
      "minAmount": 3,
      "maxAmount": 5,
      "chance": 1
    }
  ],
  "sizeScale": 1,
  "hitboxScale": 1,
  "mountOffset": [
    0,
    0.5,
    0
  ]
}