{
  "name": "gorgomite",
  "creatureType": "insect",
  "groups": [
    "monster",
    "critter",
    "hardy"
  ],
  "entityClass": "com.lycanitesmobs.core.entity.creature.EntityGorgomite",
  "modelClass": "com.lycanitesmobs.client.model.creature.ModelGorgomite",
  "loadDefault": true,
  "enabled": true,
  "spawning": {
    "enabled": true,
    "spawners": [
      "monster",
      "beast"
    ],
    "disableSubspecies": false,
    "dimensionIds": [
      -1,
      1
    ],
    "dimensionListType": "blacklist",
    "ignoreBiome": false,
    "biomeTags": [
      "sandy",
      "wasteland",
      "mesa",
      "-cold",
      "-snowy"
    ],
    "spawnWeight": 6,
    "dungeonWeight": 200,
    "spawnAreaLimit": 5,
    "spawnGroupMin": 1,
    "spawnGroupMax": 3,
    "spawnsInLight": false,
    "spawnsInDark": true,
    "worldDayMin": -1,
    "despawnNatural": true,
    "despawnForced": false
  },
  "width": 0.9,
  "height": 0.9,
  "experience": 5,
  "health": 5,
  "defense": 0,
  "armor": 0,
  "speed": 28,
  "damage": 1,
  "attackSpeed": 1,
  "rangedSpeed": 1,
  "effectDuration": 3,
  "effectAmplifier": 0,
  "pierce": 1,
  "sight": 24,
  "knockbackResistance": 0,
  "bagSize": 5,
  "eggBackColor": "#CC9900",
  "eggForeColor": "#884400",
  "subspecies": [
    {
      "index": 0,
      "variants": [
        {
          "index": 1,
          "name": "dark",
          "type": "uncommon"
        },
        {
          "index": 2,
          "name": "keppel",
          "type": "uncommon"
        }
      ]
    }
  ],
  "element": "quake",
  "diets": [
    "carnivore",
    "insectivore"
  ],
  "peaceful": false,
  "summonable": false,
  "tameable": false,
  "mountable": false,
  "summonCost": 2,
  "dungeonLevel": 1,
  "drops": [
    {
      "item": "minecraft:sandstone",
      "minAmount": 1,
      "maxAmount": 2,
      "chance": 1
    },
    {
      "item": "minecraft:stone",
      "minAmount": 1,
      "maxAmount": 2,
      "chance": 1
    },
    {
      "item": "minecraft:flint",
      "minAmount": 1,
      "maxAmount": 1,
      "chance": 0.5
    },
    {
      "item": "minecraft:iron_ore",
      "minAmount": 1,
      "maxAmount": 1,
      "chance": 0.1
    }
  ],
  "sizeScale": 1,
  "hitboxScale": 1,
  "flags": [
    {
      "name": "swarmLimit",
      "value": 5
    }
  ]
}