{
  "name": "lobber",
  "creatureType": "golem",
  "groups": [
    "inferno"
  ],
  "entityClass": "com.lycanitesmobs.core.entity.creature.EntityLobber",
  "modelClass": "com.lycanitesmobs.client.model.creature.ModelLobber",
  "loadDefault": true,
  "enabled": true,
  "spawning": {
    "enabled": true,
    "spawners": [
      "lava"
    ],
    "disableSubspecies": false,
    "dimensionIds": [],
    "dimensionListType": "blacklist",
    "ignoreBiome": false,
    "biomeTags": [
      "all"
    ],
    "spawnWeight": 2,
    "dungeonWeight": 200,
    "spawnAreaLimit": 1,
    "spawnGroupMin": 1,
    "spawnGroupMax": 2,
    "spawnsInLight": false,
    "spawnsInDark": true,
    "worldDayMin": -1,
    "despawnNatural": true,
    "despawnForced": false
  },
  "width": 1.9,
  "height": 3.5,
  "experience": 10,
  "health": 40,
  "defense": 3,
  "armor": 0,
  "speed": 16,
  "damage": 2,
  "attackSpeed": 1,
  "rangedSpeed": 0.25,
  "effectDuration": 5,
  "effectAmplifier": 0,
  "pierce": 1,
  "sight": 24,
  "knockbackResistance": 0,
  "bagSize": 5,
  "eggBackColor": "#330011",
  "eggForeColor": "#FF5500",
  "subspecies": [
    {
      "index": 0,
      "variants": [
        {
          "index": 1,
          "name": "azure",
          "type": "uncommon"
        },
        {
          "index": 2,
          "name": "scarlet",
          "type": "uncommon"
        },
        {
          "index": 3,
          "name": "umber",
          "scale": 2,
          "type": "rare"
        }
      ]
    }
  ],
  "elements": [
    "lava"
  ],
  "diets": [
    "geovore"
  ],
  "peaceful": false,
  "summonable": false,
  "tameable": false,
  "mountable": false,
  "summonCost": 6,
  "dungeonLevel": 2,
  "drops": [
    {
      "item": "minecraft:coal",
      "minAmount": 1,
      "maxAmount": 16,
      "chance": 1
    },
    {
      "item": "minecraft:magma_cream",
      "minAmount": 1,
      "maxAmount": 3,
      "chance": 1
    },
    {
      "item": "minecraft:blaze_powder",
      "minAmount": 1,
      "maxAmount": 6,
      "chance": 1
    },
    {
      "item": "lycanitesmobs:magmacharge",
      "minAmount": 2,
      "maxAmount": 5,
      "chance": 1
    },
    {
      "item": "lycanitesmobs:soulstone_imp",
      "minAmount": 1,
      "maxAmount": 1,
      "chance": 1,
      "variant": 3,
      "bonusAmount": false
    }
  ],
  "sizeScale": 1,
  "hitboxScale": 1,
  "flags": [
    {
      "name": "blockMeltingRadius",
      "value": 2
    }
  ]
}